<?xml version="1.0" encoding="UTF-8"?>
<beans xmlns="http://www.springframework.org/schema/beans"
	xmlns:xsi="http://www.w3.org/2001/XMLSchema-instance"
	xsi:schemaLocation="http://www.springframework.org/schema/beans http://www.springframework.org/schema/beans/spring-beans.xsd">



	<bean id="dataSource" class="org.springframework.jdbc.datasource.DriverManagerDataSource">
		
		
		<property name="driverClassName" value="com.mysql.jdbc.Driver"></property>
		<property name="url" value="jdbc:mysql://localhost:3306/springmvcorm"></property>
		<property name="username" value="root"></property>
		<property name="password" value=""></property>
	</bean>



</beans>
